﻿Designator,Footprint,Quantity,Value,LCSC Part #
C1,CP_Radial_D12.5mm_P5.00mm,1,1000uF,
"C2, C3, C4, C5, C6",CP_Radial_D12.5mm_P5.00mm,5,1000u,
D1,D_A-405_P7.62mm_Horizontal,1,D_Schottky,
"D2, D3, D4, D5, D8",LED_D3.0mm,5,LED,
"D6, D7, D9",D_A-405_P7.62mm_Horizontal,3,D,
F1,Fuseholder_Cylinder-5x20mm_Schurter_0031_8201_Horizontal_Open,1,Fuse,
J1,"TerminalBlock_Phoenix_MKDS-1,5-2-5.08_1x02_P5.08mm_Horizontal",1,12V IN,
J2,"TerminalBlock_Phoenix_MKDS-1,5-3-5.08_1x03_P5.08mm_Horizontal",1,DALLAS SENSOR,
J3,"TerminalBlock_Phoenix_MKDS-1,5-2-5.08_1x02_P5.08mm_Horizontal",1,5V OUT,
J4,"TerminalBlock_Phoenix_MKDS-1,5-3-5.08_1x03_P5.08mm_Horizontal",1,230 IN,
J5,"TerminalBlock_Phoenix_MKDS-1,5-3-5.08_1x03_P5.08mm_Horizontal",1,HEATER OUT,
J6,"TerminalBlock_Phoenix_MKDS-1,5-2-5.08_1x02_P5.08mm_Horizontal",1,HUMIDIFIER OUT,
J7,"TerminalBlock_Phoenix_MKDS-1,5-4_1x04_P5.00mm_Horizontal",1,BME280 SENSOR,
K1,Relay_SPDT_SANYOU_SRD_Series_Form_C,1,SANYOU_SRD_Form_C,
L1,L_Radial_D10.0mm_P5.00mm_Fastron_07P,1,330u,
Q1,TO-126-3_Vertical,1,NPN,
Q2,TO-220-3_Vertical,1,IRLZ44N,
R1,R_Axial_DIN0411_L9.9mm_D3.6mm_P12.70mm_Horizontal,1,4.7k,
"R12, R3, R7",R_Axial_DIN0411_L9.9mm_D3.6mm_P12.70mm_Horizontal,3,220,
"R2, R8",R_Axial_DIN0411_L9.9mm_D3.6mm_P12.70mm_Horizontal,2,10k,
R4,R_Axial_DIN0411_L9.9mm_D3.6mm_P12.70mm_Horizontal,1,1.5k,
"R5, R6",R_Axial_DIN0411_L9.9mm_D3.6mm_P12.70mm_Horizontal,2,500,
U2,TO-220-5_Vertical,1,XL2576S,
U3,MODULE_NODEMCU-32S,1,NODEMCU-32S,
